<?xml version="1.0" encoding="UTF-8" standalone="no"?>
<!DOCTYPE properties SYSTEM "http://java.sun.com/dtd/properties.dtd">
<properties>
<comment>ivy project</comment>
<entry key="plugins">ModelEditor@ModelEditor</entry>
<entry key="project.date">Sat Nov 24 14:29:43 GMT 2007</entry>
<entry key="project.author">José Creissac Campos</entry>
<entry key="project.name">A/C System</entry>
<entry key="plugin.ModelEditor@ModelEditor">ACexample.i</entry>
<entry key="project.description">A/C system</entry>
</properties>
